{"cameraMode":{"drawMode":0,"name":"Shaded","section":"Shading Mode"},"sceneLighting":true,"audioPlay":false,"sceneViewState":{"m_AlwaysRefresh":false,"showFog":true,"showSkybox":true,"showFlares":true,"showImageEffects":true,"showParticleSystems":true,"showVisualEffectGraphs":true,"m_FxEnabled":true},"in2DMode":false,"pivot":{"x":19.869535446166993,"y":-1.492473840713501,"z":12.151649475097657},"rotation":{"x":-0.2334102839231491,"y":0.10597359389066696,"z":-0.02553411014378071,"w":-0.9663152694702148},"size":5.6394548416137699,"orthographic":false}