{"cameraMode":{"drawMode":0,"name":"Shaded","section":"Shading Mode"},"sceneLighting":true,"audioPlay":false,"sceneViewState":{"m_AlwaysRefresh":false,"showFog":true,"showSkybox":true,"showFlares":true,"showImageEffects":true,"showParticleSystems":true,"showVisualEffectGraphs":true,"m_FxEnabled":true},"in2DMode":false,"pivot":{"x":-0.43672698736190798,"y":-3.1694130897521974,"z":7.529073715209961},"rotation":{"x":-0.22436662018299104,"y":0.04209842532873154,"z":-0.009704719297587872,"w":-0.9735816121101379},"size":5.299849510192871,"orthographic":false}