{"cameraMode":{"drawMode":0,"name":"Shaded","section":"Shading Mode"},"sceneLighting":true,"audioPlay":false,"sceneViewState":{"m_AlwaysRefresh":false,"showFog":true,"showSkybox":true,"showFlares":true,"showImageEffects":true,"showParticleSystems":true,"showVisualEffectGraphs":true,"m_FxEnabled":true},"in2DMode":false,"pivot":{"x":22.138092041015626,"y":12.144765853881836,"z":30.49598503112793},"rotation":{"x":0.22445625066757203,"y":-0.37862157821655276,"z":0.09518362581729889,"w":0.8928648233413696},"size":28.753496170043947,"orthographic":false}